,record_id,record_name,multiMedia_id,multiMedia_name,multiMedia_description,multiMedia_url,multiMedia_mediatype,multiMedia_likeCount,multiMedia_place,multiMedia_createAt
0,2140,manoj,3240,,,http://www.youtube.com/embed/mPhboJR0Llc,2,0,,0001-01-01T00:00:00
1,2139,manoj,3239,,,http://www.youtube.com/embed/RtFcZ6Bwolw,2,0,,0001-01-01T00:00:00
2,2138,manoj,3238,,,http://www.youtube.com/embed/TUT2-FEPMdc,2,0,,0001-01-01T00:00:00
3,2137,manoj,3237,,,https://www.youtube.com/watch?v=Kg8VraUgpR4,2,0,,0001-01-01T00:00:00
4,2136,manoj,3236,,,https://www.youtube.com/watch?v=WgmgSwkTUEM,2,0,,0001-01-01T00:00:00
5,2135,manoj,3235,,,https://www.youtube.com/watch?v=4uY4Pz0SuaM,2,0,,0001-01-01T00:00:00
6,2134,manoj,3233,rinku_singh_1570092290_800x420.jpg,,feedsmedia/4051/479386d2-7bee-4100-81d6-1c8ae1aab205.jpg,1,0,,0001-01-01T00:00:00
7,2134,manoj,3234,04rinku.jpg,,feedsmedia/4051/b33d191a-4056-4dee-ad15-7b9ffc8ec337.jpg,1,0,,0001-01-01T00:00:00
8,2133,jagjit,3232,,,https://www.youtube.com/embed/lR6F_Edxabw,2,0,,0001-01-01T00:00:00
9,2132,jagjit,3231,Delhi.jpg,,feedsmedia/3039/0e910f02-14fd-4cf0-a755-7eba194840d8.jpg,1,0,,0001-01-01T00:00:00
10,2131,Ashish Thapliyal,3230,Surabaya.jpg,,feedsmedia/3031/1adbfd14-937c-4c06-ba00-99991eae4289.jpg,1,0,,0001-01-01T00:00:00
11,2130,n1,3229,images.jpg,,feedsmedia/3035/60ce92d1-b037-4a45-84a5-d6635095fa50.jpg,1,0,,0001-01-01T00:00:00
12,2129,manoj,3228,images.png,,feedsmedia/4051/9449eb48-1377-416a-9867-ae5b9d8d884b.png,1,0,,0001-01-01T00:00:00
13,2128,sanjay,3227,DALHOUSIE.jpg,,feedsmedia/3033/0df3e2d5-d903-4940-9f3f-c1cc24e7bd4a.jpg,1,0,,0001-01-01T00:00:00
14,2127,sanjay,3226,,,https://www.youtube.com/embed/LH0Ss15du3c,2,0,,0001-01-01T00:00:00
15,2126,jagjit,3225,Shubra_El-Kheima.jpg,,feedsmedia/3039/3b8092fb-310f-4083-aae7-5be6ec05ad40.jpg,1,0,,0001-01-01T00:00:00
16,2125,sanjay,3224,,,https://www.youtube.com/embed/7lfFZs50JHM,2,0,,0001-01-01T00:00:00
17,2124,neha,3223,images.jfif,,feedsmedia/3034/507e9fb7-5524-47c9-a632-c19c42398117.jfif,1,0,,0001-01-01T00:00:00
18,2123,Aryan Thapliyal,3222,Tanta.jpg,,feedsmedia/3046/95e8d21a-8337-4c43-aab5-76f2aad75b8b.jpg,1,0,,0001-01-01T00:00:00
19,2122,neha,3218,images2.png,,feedsmedia/3034/8a9dea4b-19dc-4a9a-8793-6ca3ab16152b.png,1,0,,0001-01-01T00:00:00
20,2122,neha,3219,indraprastha-resort-dalhousie.jpg,,feedsmedia/3034/46f87048-4d82-4a84-aa29-9410f726d72f.jpg,1,0,,0001-01-01T00:00:00
21,2122,neha,3220,nainital-saturday-raajiv-nainital-stand-alone-snowfall_0c6662be-d4dc-11e6-89f5-e9c163347fb8.jpg,,feedsmedia/3034/eb07417f-465b-4d03-9c81-23e5a1b95606.jpg,1,0,,0001-01-01T00:00:00
22,2122,neha,3221,Nainital-Snow-2013-m-2.jpg,,feedsmedia/3034/8d632dc2-247a-4bff-93bb-e294d1f40d7b.jpg,1,0,,0001-01-01T00:00:00
23,2121,sanjay,3213,Christmas-2019-Messages.jpg,,feedsmedia/3033/f656995d-7350-4e58-bd3d-b7ec2ffd684b.jpg,1,0,,0001-01-01T00:00:00
24,2121,sanjay,3214,DALHOUSIE.jpg,,feedsmedia/3033/80a1ba80-bc0d-4748-b975-b34d14631abd.jpg,1,0,,0001-01-01T00:00:00
25,2121,sanjay,3215,dalhousie-hill-station.jpg,,feedsmedia/3033/922a1224-2852-40e1-b828-29f835c91f00.jpg,1,0,,0001-01-01T00:00:00
26,2121,sanjay,3216,images 3.jpg,,feedsmedia/3033/42cfd9f9-7388-498e-8c2c-ff761610faec.jpg,1,0,,0001-01-01T00:00:00
27,2121,sanjay,3217,images.png,,feedsmedia/3033/d583ea6f-178e-4ef5-be9b-0553094f0f8c.png,1,0,,0001-01-01T00:00:00
28,2120,Ashish Thapliyal,3212,,,https://www.youtube.com/embed/iNSVjuZQ_9A,2,0,,0001-01-01T00:00:00
29,2119,Shweta Singh,3211,,,https://www.youtube.com/embed/ghMujvci5Ds,2,0,,0001-01-01T00:00:00
30,2118,Shweta Singh,3210,,,https://www.youtube.com/embed/hZuwe72Rtcc,2,0,,0001-01-01T00:00:00
31,2117,Ashish Thapliyal,3209,,,https://www.youtube.com/embed/c6OSTcaMU6c,2,0,,0001-01-01T00:00:00
32,2116,faiz,3207,Kwekwe.jpg,,feedsmedia/3042/a036275d-0c37-4855-a55f-bd0a710cf4ea.jpg,1,0,,0001-01-01T00:00:00
33,2116,faiz,3208,Marondera.jpg,,feedsmedia/3042/ab337768-a836-416e-bc87-78689be6c64b.jpg,1,0,,0001-01-01T00:00:00
34,2115,Ankiish Thapliyal,3204,Aden.jpg,,feedsmedia/3047/d63f6bfb-e7f8-4519-898d-e311e091498b.jpg,1,0,,0001-01-01T00:00:00
35,2115,Ankiish Thapliyal,3205,Ash_Shihr.jpg,,feedsmedia/3047/98c48988-97a1-408e-9bde-7257c99252ab.jpg,1,0,,0001-01-01T00:00:00
36,2115,Ankiish Thapliyal,3206,Seiyun.jpg,,feedsmedia/3047/887cc8d7-9b52-4c3e-81f8-e7d4505e0db6.jpg,1,0,,0001-01-01T00:00:00
37,2114,Ankiish Thapliyal,3192,Butare.jpg,,feedsmedia/3047/ba8d9d9b-173a-4804-8fa7-c2b545e23c61.jpg,1,0,,0001-01-01T00:00:00
38,2114,Ankiish Thapliyal,3193,Byumba.jpg,,feedsmedia/3047/10eb2de5-0020-4da6-b902-8bf0d019cc15.jpg,1,0,,0001-01-01T00:00:00
39,2114,Ankiish Thapliyal,3194,Cyangugu.jpg,,feedsmedia/3047/e1cfc2eb-ff1e-48f8-8039-153a5231c545.jpg,1,0,,0001-01-01T00:00:00
40,2114,Ankiish Thapliyal,3195,Gisenyi.jpg,,feedsmedia/3047/12c0192b-7d1d-40d4-b209-3853ecc190c7.jpg,1,0,,0001-01-01T00:00:00
41,2114,Ankiish Thapliyal,3196,Kabuga.jpg,,feedsmedia/3047/e534b896-c25b-491e-8644-490e0c150423.jpg,1,0,,0001-01-01T00:00:00
42,2114,Ankiish Thapliyal,3197,Kibuye.jpg,,feedsmedia/3047/70caa341-47b6-423c-89ac-56f54a245772.jpg,1,0,,0001-01-01T00:00:00
43,2114,Ankiish Thapliyal,3198,Kigali.jpg,,feedsmedia/3047/70fd2b0c-6b25-47d1-907a-aa02c8d261a0.jpg,1,0,,0001-01-01T00:00:00
44,2114,Ankiish Thapliyal,3199,Muhanga.jpg,,feedsmedia/3047/e299b8d2-30cd-4221-8afa-c4cc6391025d.jpg,1,0,,0001-01-01T00:00:00
45,2114,Ankiish Thapliyal,3200,Nyanza.jpg,,feedsmedia/3047/32ae591d-b632-4538-8f00-80989d3505e9.jpg,1,0,,0001-01-01T00:00:00
46,2114,Ankiish Thapliyal,3201,Ruhango.jpg,,feedsmedia/3047/b81eeea4-af94-4b7d-814a-274c558fb999.jpg,1,0,,0001-01-01T00:00:00
47,2114,Ankiish Thapliyal,3202,Ruhengeri.jpg,,feedsmedia/3047/31f14d97-0406-4b87-95ea-268425331842.jpg,1,0,,0001-01-01T00:00:00
48,2114,Ankiish Thapliyal,3203,Rwamagana.jpg,,feedsmedia/3047/aa2f22aa-36da-41c9-be31-a0b65c7f11ec.jpg,1,0,,0001-01-01T00:00:00
49,2113,Aryan Thapliyal,3184,Mandiana.jpg,,feedsmedia/3046/75919a6f-b186-4449-a544-a2a3b842983f.jpg,1,0,,0001-01-01T00:00:00
50,2113,Aryan Thapliyal,3185,Boke.jpg,,feedsmedia/3046/9cd34a06-a3a6-4012-ae1f-4ce0a168a604.jpg,1,0,,0001-01-01T00:00:00
51,2113,Aryan Thapliyal,3186,Conakry.jpg,,feedsmedia/3046/690efb4e-c251-4f76-a82e-cb9a195044af.jpg,1,0,,0001-01-01T00:00:00
52,2113,Aryan Thapliyal,3187,Dabola.jpg,,feedsmedia/3046/104e7c91-daf2-41af-98f4-365eb2b98687.jpg,1,0,,0001-01-01T00:00:00
53,2113,Aryan Thapliyal,3188,Fria.jpg,,feedsmedia/3046/899de04a-24e7-462f-a094-e1fac95089e0.jpg,1,0,,0001-01-01T00:00:00
54,2113,Aryan Thapliyal,3189,Kissidougou.jpg,,feedsmedia/3046/37a81d21-fb2d-4ab3-bae8-1dad224cda37.jpg,1,0,,0001-01-01T00:00:00
55,2113,Aryan Thapliyal,3190,Labé.jpg,,feedsmedia/3046/e1962738-f012-44c6-833a-d08fb88d2bac.jpg,1,0,,0001-01-01T00:00:00
56,2113,Aryan Thapliyal,3191,Nzerekore.jpg,,feedsmedia/3046/28e01398-af2f-4691-bfad-f3dc2f25b58d.jpg,1,0,,0001-01-01T00:00:00
57,2112,Shweta Singh,3183,,,https://www.youtube.com/embed/h7huHkvPoEE,2,0,,0001-01-01T00:00:00
58,2111,Shweta Singh,3182,Yerevan.jpg,,feedsmedia/3040/8631984a-0efc-439e-bf00-b7730bdd2313.jpg,1,0,,0001-01-01T00:00:00
59,2110,Aryan Thapliyal,3181,Abovyan.jpg,,feedsmedia/3046/ab63f603-c690-4fe0-851c-7a6c0bb16b7a.jpg,1,0,,0001-01-01T00:00:00
60,2109,Ankiish Thapliyal,3177,BMW.jpg,,feedsmedia/3047/4936912c-18b5-4ad7-92db-0966313b96f9.jpg,1,0,,0001-01-01T00:00:00
61,2109,Ankiish Thapliyal,3178,Mercedes.jpg,,feedsmedia/3047/fb3dee19-3f65-48eb-b6d3-a3ffd780d454.jpg,1,0,,0001-01-01T00:00:00
62,2109,Ankiish Thapliyal,3179,Starbucks.png,,feedsmedia/3047/205c0e80-f34e-4edd-a41c-425395b28c6f.png,1,0,,0001-01-01T00:00:00
63,2109,Ankiish Thapliyal,3180,Volkswagen.png,,feedsmedia/3047/49ec99f6-ee4c-467f-8af3-b6fc4f1fa37d.png,1,0,,0001-01-01T00:00:00
64,2108,sanjay,3176,images 3.jpg,,feedsmedia/3033/28cdad70-0407-4f32-88b2-d678f919515e.jpg,1,0,,0001-01-01T00:00:00
65,2107,Ashish Thapliyal,3175,,,https://www.youtube.com/embed/LaFtAcIrGWA,2,0,,0001-01-01T00:00:00
66,2106,n1,3174,images.jpg,,feedsmedia/3035/05b6683c-b31c-473e-8b8f-c42fc1730bd2.jpg,1,0,,0001-01-01T00:00:00
67,2105,neha,3173,images.png,,feedsmedia/3034/2112b430-e4f6-40fc-9b91-412f27de0fef.png,1,0,,0001-01-01T00:00:00
68,2104,n1,3172,,,,2,0,,0001-01-01T00:00:00
69,2103,n1,3171,,,,2,0,,0001-01-01T00:00:00
70,2102,faiz,3170,Event 34.jpg,,feedsmedia/3042/79cc68c2-9f30-4472-9e07-09bf8eced7a0.jpg,1,0,,0001-01-01T00:00:00
71,2101,n1,3169,,,https://www.youtube.com/embed/3YhQV3aQmb4,2,0,,0001-01-01T00:00:00
72,2100,faiz,3168,,,"<iframe width=""560"" height=""315"" src=""https://www.youtube.com/embed/AGBjI0x9VbM"" frameborder=""0"" allow=""accelerometer; autoplay; encrypted-media; gyroscope; picture-in-picture"" allowfullscreen></iframe>",2,0,,0001-01-01T00:00:00
73,2099,Shweta Singh,3166,Event 48.jpg,,feedsmedia/3040/220781c3-f058-4aaa-837c-bd401a779ed1.jpg,1,0,,0001-01-01T00:00:00
74,2099,Shweta Singh,3167,Event 58.jpg,,feedsmedia/3040/9718f153-5008-4d7e-9875-baf9a695a111.jpg,1,0,,0001-01-01T00:00:00
75,2098,n1,3165,Nainital-Snow-2013-m-2.jpg,,feedsmedia/3035/1a0762ab-45ea-4590-8a3f-873d706efe12.jpg,1,0,,0001-01-01T00:00:00
76,1099,n1,2166,images.jfif,,feedsmedia/3035/585698b4-6c89-4a51-b438-53e27ed84c83.jfif,1,0,,0001-01-01T00:00:00
77,1099,n1,2167,images2.png,,feedsmedia/3035/d7071a17-f81a-48a0-83b6-99ca0f9cbb05.png,1,0,,0001-01-01T00:00:00
78,1098,singh,2165,191205173514-02-white-house-tree-lighting-screengrab-super-tease.jpg,,feedsmedia/3030/239805ad-e267-4bc5-8852-51cd3b1d328e.jpg,1,0,,0001-01-01T00:00:00
79,1097,Aryan Thapliyal,2164,Event 31.jpg,,feedsmedia/3046/ffbcb4ed-921f-44ea-ad5a-c22ab38fa53a.jpg,1,0,,0001-01-01T00:00:00
80,1096,Sophia,2163,indraprastha-resort-dalhousie.jpg,,feedsmedia/3049/37d175c6-69bb-47c8-9265-e9823425ed65.jpg,1,0,,0001-01-01T00:00:00
81,1095,Akku Testing,2162,,,https://www.youtube.com/embed/3nK13MpQMa0,2,0,,0001-01-01T00:00:00
82,1094,n1,2161,,,https://www.youtube.com/embed/WpXSjDeG9xo,2,0,,0001-01-01T00:00:00
83,1093,Akku Testing,2160,68739601_716769122116043_3583430539496914944_o.jpg,,feedsmedia/3029/496fbb35-8a27-4bd1-ab0b-c63ec886e168.jpg,1,0,,0001-01-01T00:00:00
84,1092,Ashish Thapliyal,2159,Event 60.jpg,,feedsmedia/3031/daec1589-8084-4cb7-afbd-799b18a35d20.jpg,1,0,,0001-01-01T00:00:00
85,1091,Sophia,2158,Nainital-Snow-2013-r-2.jpg,,feedsmedia/3049/b6503122-a686-4930-8e56-02cd7abba4b4.jpg,1,0,,0001-01-01T00:00:00
86,1090,Ritu singh,2157,beach of amsterdam.PNG,,feedsmedia/3043/c5522956-4ab5-408e-b540-16a8c90af9b0.PNG,1,0,,0001-01-01T00:00:00
87,1089,shivam,2156,795f04bd-2971-4f3d-a8b7-ba30a73d91ec.jfif,,feedsmedia/3045/a0f4d378-1a46-4831-aab5-5e1bb820d58c.jfif,1,0,,0001-01-01T00:00:00
88,1088,Navya Upadhyay,2155,chile.JPG,,feedsmedia/3044/5cd75fb1-1f3b-4fc2-84ed-0a05eae6de98.JPG,1,0,,0001-01-01T00:00:00
89,1087,faiz,2154,IMG_0586.JPG,,feedsmedia/3042/5674cae9-2631-495c-9a05-0e79cebd5828.JPG,1,0,,0001-01-01T00:00:00
90,1086,Martin Wilson,2153,eiffel.PNG,,feedsmedia/3041/d10de044-eab6-4e37-a364-996e26889a55.PNG,1,0,,0001-01-01T00:00:00
91,1085,Shweta Singh,2152,Amelia.JPG,,feedsmedia/3040/d0e37cc4-b450-493c-b89c-703e5acdca70.JPG,1,0,,0001-01-01T00:00:00
92,1084,jagjit,2151,lake-tahoe-1591339_1280.jpg,,feedsmedia/3039/25d80f7b-7843-41b7-b480-a72c59d5039d.jpg,1,0,,0001-01-01T00:00:00
93,1083,Test 2,2150,images2.png,,feedsmedia/1003/0c21e908-f184-4e73-b681-ad94f2bc3128.png,1,0,,0001-01-01T00:00:00
94,1082,Sophia,2148,images.png,,feedsmedia/3036/aad99178-9e05-4be8-89d9-1f8650e779c8.png,1,0,,0001-01-01T00:00:00
95,1082,Sophia,2149,images.jfif,,feedsmedia/3036/f5c7fca2-65fd-4733-b709-bb214433fa60.jfif,1,0,,0001-01-01T00:00:00
96,1081,n1,2147,191205173514-02-white-house-tree-lighting-screengrab-super-tease.jpg,,feedsmedia/3035/3c7b9fdd-555a-4029-8c3f-07366ee9f0e3.jpg,1,0,,0001-01-01T00:00:00
97,1080,n1,2146,Christmas-2019-Messages.jpg,,feedsmedia/3035/6bf5787f-aca2-4ec7-936e-1ec4c46ab858.jpg,1,0,,0001-01-01T00:00:00
98,1079,Sophia,2145,images.png,,feedsmedia/3036/37feb60e-5e71-4d03-b03c-b8d6a87bbbf4.png,1,0,,0001-01-01T00:00:00
99,1078,Sophia,2144,191205173514-02-white-house-tree-lighting-screengrab-super-tease.jpg,,feedsmedia/3036/437f5efb-2c1a-441c-8bc0-3944c5a5d701.jpg,1,0,,0001-01-01T00:00:00
100,1077,Sophia,2143,Last_Christmas_poster.jpeg,,feedsmedia/3036/9ab45a7a-fbe5-49f4-8d96-ca381721f039.jpeg,1,0,,0001-01-01T00:00:00
101,1076,Sophia,2142,Christmas-2019-Messages.jpg,,feedsmedia/3036/835cf0b6-2019-4aba-8c9e-381109a935ec.jpg,1,0,,0001-01-01T00:00:00
102,1075,Akku Testing,2141,1577186637230.JPEG,,feedsmedia/3029/510980c4-8499-4426-9540-445f0db90d1e.JPEG,1,0,,0001-01-01T00:00:00
103,1074,Ashish Thapliyal,2140,,,https://youtu.be/0dnUWYQeLXE,2,0,,0001-01-01T00:00:00
104,1073,Ashish Thapliyal,2138,Event 27.jpg,,feedsmedia/3031/bb4b9bbc-428d-4085-bb9a-c58e53f09fc5.jpg,1,0,,0001-01-01T00:00:00
105,1073,Ashish Thapliyal,2139,Event 49.jpg,,feedsmedia/3031/88a0d2b8-9e17-425b-8f6a-bdd260443d76.jpg,1,0,,0001-01-01T00:00:00
106,1072,Aakankshi 1,2137,Christmas.jpg,,feedsmedia/2013/2d11ae4a-02c7-415a-bce7-f370ae470e30.jpg,1,0,,0001-01-01T00:00:00
107,1071,Aakankshi 1,2136,,,https://www.youtube.com/embed/yLX-yTH7EOE,2,0,,0001-01-01T00:00:00
108,1070,Aakankshi 1,2134,image_2019_09_03T10_48_27_980Z.png,,feedsmedia/2013/ee93075f-0b48-41e1-b103-0c1ca3289d82.png,1,0,,0001-01-01T00:00:00
109,1070,Aakankshi 1,2135,job_adds_list.PNG,,feedsmedia/2013/4dfec6bf-d0ce-4068-884b-a27a5daeba32.PNG,1,0,,0001-01-01T00:00:00
110,1069,Test 3,2131,photo1577096418018.jpg,,feedsmedia/1005/0335732e-3270-4112-bd8e-0e29ccd5982f.jpg,1,0,,0001-01-01T00:00:00
111,1069,Test 3,2132,SAVED-20191129_1629_09705.jpg,,feedsmedia/1005/65c326d6-bb96-4b1e-9ea2-7b988c96b659.jpg,1,0,,0001-01-01T00:00:00
112,1069,Test 3,2133,SAVED-20191129_1629_09705.jpg,,feedsmedia/1005/775ff386-64c5-4560-9b8f-ea5f3b2e5311.jpg,1,0,,0001-01-01T00:00:00
113,1068,Test 2,2130,,,,2,0,,0001-01-01T00:00:00
114,1067,Aakankshi 1,2129,,,https://www.youtube.com/embed/j3gErdNyUAQ,2,0,,0001-01-01T00:00:00
115,1066,Aakankshi 1,2127,image_2019_09_03T10_48_27_980Z.png,,feedsmedia/2013/237c9839-56d9-466b-ba41-3e4d285233e1.png,1,0,,0001-01-01T00:00:00
116,1066,Aakankshi 1,2128,job_adds_list.PNG,,feedsmedia/2013/4a02de29-8751-42a0-ac9c-facdbbaac83e.PNG,1,0,,0001-01-01T00:00:00
117,1065,Test 3,2124,tv.JPG,,feedsmedia/1005/5d611fc1-b92b-430e-8065-e7413241063b.JPG,1,0,,0001-01-01T00:00:00
118,1065,Test 3,2125,tv1.JPG,,feedsmedia/1005/d8f1863c-2f1a-4a77-8cce-62c06bf4f680.JPG,1,0,,0001-01-01T00:00:00
119,1065,Test 3,2126,tv2.JPG,,feedsmedia/1005/617dcc01-cd25-4b32-b3eb-24a199ea93e6.JPG,1,0,,0001-01-01T00:00:00
120,1064,Pankaj Patel,2123,California-best.jpeg,,feedsmedia/3/663fe2c8-e739-45c9-a94a-d630d39215eb.jpeg,1,0,,0001-01-01T00:00:00
121,1063,Pankaj Patel,2122,California-best.jpeg,,feedsmedia/3/10e473ef-b13b-4408-8a30-78db7f7acf5e.jpeg,1,0,,0001-01-01T00:00:00
122,1062,Pankaj Patel,2121,simon-migaj-421505-unsplash.jpg,,feedsmedia/3/d4883f05-e84c-4b3d-8d21-0f671536677a.jpg,1,0,,0001-01-01T00:00:00
123,1061,Pankaj Patel,2120,simon-migaj-421505-unsplash.jpg,,feedsmedia/3/96d7afa2-dced-41cb-ab72-6b7691173c8c.jpg,1,0,,0001-01-01T00:00:00
124,1060,Pankaj Patel,2119,California-best.jpeg,,feedsmedia/3/74bfa80c-5779-44cd-a3c3-47dfccb8f303.jpeg,1,0,,0001-01-01T00:00:00
125,1059,Pankaj Patel,2118,,,,2,0,,0001-01-01T00:00:00
126,1058,Pankaj Patel,2117,,,,2,0,,0001-01-01T00:00:00
127,1057,Aakankshi 1,2116,,,https://www.youtube.com/embed/mHkh2di8hAc,2,0,,0001-01-01T00:00:00
128,1056,Aakankshi 1,2115,bg6.jpg,,feedsmedia/2013/da78edc2-5778-4fb5-999e-a8e526b5b445.jpg,1,0,,0001-01-01T00:00:00
129,1055,Aakankshi Gupta,2114,pro9.jpg,,feedsmedia/3028/0f9c3c06-618d-49d4-bfbd-b825b57ef43b.jpg,1,0,,0001-01-01T00:00:00
130,1054,Aakankshi 2,2113,logo500.jpg,,feedsmedia/2014/b8626332-f269-4c4e-9e41-b8989211d9d8.jpg,1,0,,0001-01-01T00:00:00
131,59,Aakankshi 2,1122,,,https://www.youtube.com/embed/PJNNQhuFg6A,2,0,,0001-01-01T00:00:00
132,58,Aakankshi 2,1121,,,https://www.youtube.com/embed/BP9VjGyNobQ,2,0,,0001-01-01T00:00:00
133,57,Aakankshi 2,1120,hotelimage.png,,feedsmedia/2014/a10540fc-7ace-42fa-9e1d-52d95b08fb27.png,1,0,,0001-01-01T00:00:00
134,56,Aakankshi 2,1119,images.jpg,,feedsmedia/2014/ac147331-ac5b-4b43-acdb-9ed6ef3b69b9.jpg,1,0,,0001-01-01T00:00:00
135,55,Aakankshi 2,1118,shop8.jpg,,feedsmedia/2014/5d69c1c1-2485-4511-b60b-050e58b0611b.jpg,1,0,,0001-01-01T00:00:00
136,54,Aakankshi 2,1113,shop6.jpg,,feedsmedia/2014/e0724211-f13b-4c03-a981-b69ea8d664f0.jpg,1,0,,0001-01-01T00:00:00
137,54,Aakankshi 2,1114,shop9.jpg,,feedsmedia/2014/75542c98-cec5-4fd6-b095-b0fc09db7e34.jpg,1,0,,0001-01-01T00:00:00
138,54,Aakankshi 2,1115,shop11.jpg,,feedsmedia/2014/d365afc6-c51a-4f9f-9c98-f924f08f4de8.jpg,1,0,,0001-01-01T00:00:00
139,54,Aakankshi 2,1116,shop12 (1).jpg,,feedsmedia/2014/fcc8a291-06ff-4bcf-9386-5986ebfe100b.jpg,1,0,,0001-01-01T00:00:00
140,54,Aakankshi 2,1117,shop16.jpg,,feedsmedia/2014/118d13aa-d2a6-414d-a212-7c496372f87f.jpg,1,0,,0001-01-01T00:00:00
141,53,Aakankshi 1,1110,handset-offer-banner-new_31F555919982EFE18360075F1D2EC443.png,,feedsmedia/2013/a1af90f4-cefb-4545-a95c-84282b872d52.png,1,0,,0001-01-01T00:00:00
142,53,Aakankshi 1,1111,images.jpg,,feedsmedia/2013/07c0de05-d640-4fc7-9016-3fbcd7579bce.jpg,1,0,,0001-01-01T00:00:00
143,53,Aakankshi 1,1112,pro3.jpg,,feedsmedia/2013/8491e2d8-e820-4d8a-92e9-4b4be5ca4a28.jpg,1,0,,0001-01-01T00:00:00
144,52,Aakankshi 1,1109,pro3.jpg,,feedsmedia/2013/e606a4eb-4bc1-4db2-8357-a46dacda7c65.jpg,1,0,,0001-01-01T00:00:00
145,51,Aakankshi 1,1108,,,https://www.youtube.com/embed/0sxLpGnhHQ0,2,0,,0001-01-01T00:00:00
146,50,Aakankshi 1,1107,pro11.jpg,,feedsmedia/2013/d7ab4103-49a9-4220-918b-cef6e032eae6.jpg,1,0,,0001-01-01T00:00:00
147,49,Aakankshi 1,1106,handset-offer-banner-new_31F555919982EFE18360075F1D2EC443.png,,feedsmedia/2013/124e10a8-f020-4f2b-81a4-66b726ea0893.png,1,0,,0001-01-01T00:00:00
148,2140,manoj,3240,,,http://www.youtube.com/embed/mPhboJR0Llc,2,0,,0001-01-01T00:00:00
149,2139,manoj,3239,,,http://www.youtube.com/embed/RtFcZ6Bwolw,2,0,,0001-01-01T00:00:00
150,2138,manoj,3238,,,http://www.youtube.com/embed/TUT2-FEPMdc,2,0,,0001-01-01T00:00:00
151,2137,manoj,3237,,,https://www.youtube.com/watch?v=Kg8VraUgpR4,2,0,,0001-01-01T00:00:00
152,2136,manoj,3236,,,https://www.youtube.com/watch?v=WgmgSwkTUEM,2,0,,0001-01-01T00:00:00
153,2135,manoj,3235,,,https://www.youtube.com/watch?v=4uY4Pz0SuaM,2,0,,0001-01-01T00:00:00
154,2134,manoj,3233,rinku_singh_1570092290_800x420.jpg,,feedsmedia/4051/479386d2-7bee-4100-81d6-1c8ae1aab205.jpg,1,0,,0001-01-01T00:00:00
155,2134,manoj,3234,04rinku.jpg,,feedsmedia/4051/b33d191a-4056-4dee-ad15-7b9ffc8ec337.jpg,1,0,,0001-01-01T00:00:00
156,2133,jagjit,3232,,,https://www.youtube.com/embed/lR6F_Edxabw,2,0,,0001-01-01T00:00:00
157,2132,jagjit,3231,Delhi.jpg,,feedsmedia/3039/0e910f02-14fd-4cf0-a755-7eba194840d8.jpg,1,0,,0001-01-01T00:00:00
158,2131,Ashish Thapliyal,3230,Surabaya.jpg,,feedsmedia/3031/1adbfd14-937c-4c06-ba00-99991eae4289.jpg,1,0,,0001-01-01T00:00:00
159,2130,n1,3229,images.jpg,,feedsmedia/3035/60ce92d1-b037-4a45-84a5-d6635095fa50.jpg,1,0,,0001-01-01T00:00:00
160,2129,manoj,3228,images.png,,feedsmedia/4051/9449eb48-1377-416a-9867-ae5b9d8d884b.png,1,0,,0001-01-01T00:00:00
161,2128,sanjay,3227,DALHOUSIE.jpg,,feedsmedia/3033/0df3e2d5-d903-4940-9f3f-c1cc24e7bd4a.jpg,1,0,,0001-01-01T00:00:00
162,2127,sanjay,3226,,,https://www.youtube.com/embed/LH0Ss15du3c,2,0,,0001-01-01T00:00:00
163,2126,jagjit,3225,Shubra_El-Kheima.jpg,,feedsmedia/3039/3b8092fb-310f-4083-aae7-5be6ec05ad40.jpg,1,0,,0001-01-01T00:00:00
164,2125,sanjay,3224,,,https://www.youtube.com/embed/7lfFZs50JHM,2,0,,0001-01-01T00:00:00
165,2124,neha,3223,images.jfif,,feedsmedia/3034/507e9fb7-5524-47c9-a632-c19c42398117.jfif,1,0,,0001-01-01T00:00:00
166,2123,Aryan Thapliyal,3222,Tanta.jpg,,feedsmedia/3046/95e8d21a-8337-4c43-aab5-76f2aad75b8b.jpg,1,0,,0001-01-01T00:00:00
167,2122,neha,3218,images2.png,,feedsmedia/3034/8a9dea4b-19dc-4a9a-8793-6ca3ab16152b.png,1,0,,0001-01-01T00:00:00
168,2122,neha,3219,indraprastha-resort-dalhousie.jpg,,feedsmedia/3034/46f87048-4d82-4a84-aa29-9410f726d72f.jpg,1,0,,0001-01-01T00:00:00
169,2122,neha,3220,nainital-saturday-raajiv-nainital-stand-alone-snowfall_0c6662be-d4dc-11e6-89f5-e9c163347fb8.jpg,,feedsmedia/3034/eb07417f-465b-4d03-9c81-23e5a1b95606.jpg,1,0,,0001-01-01T00:00:00
170,2122,neha,3221,Nainital-Snow-2013-m-2.jpg,,feedsmedia/3034/8d632dc2-247a-4bff-93bb-e294d1f40d7b.jpg,1,0,,0001-01-01T00:00:00
171,2121,sanjay,3213,Christmas-2019-Messages.jpg,,feedsmedia/3033/f656995d-7350-4e58-bd3d-b7ec2ffd684b.jpg,1,0,,0001-01-01T00:00:00
172,2121,sanjay,3214,DALHOUSIE.jpg,,feedsmedia/3033/80a1ba80-bc0d-4748-b975-b34d14631abd.jpg,1,0,,0001-01-01T00:00:00
173,2121,sanjay,3215,dalhousie-hill-station.jpg,,feedsmedia/3033/922a1224-2852-40e1-b828-29f835c91f00.jpg,1,0,,0001-01-01T00:00:00
174,2121,sanjay,3216,images 3.jpg,,feedsmedia/3033/42cfd9f9-7388-498e-8c2c-ff761610faec.jpg,1,0,,0001-01-01T00:00:00
175,2121,sanjay,3217,images.png,,feedsmedia/3033/d583ea6f-178e-4ef5-be9b-0553094f0f8c.png,1,0,,0001-01-01T00:00:00
176,2120,Ashish Thapliyal,3212,,,https://www.youtube.com/embed/iNSVjuZQ_9A,2,0,,0001-01-01T00:00:00
177,2119,Shweta Singh,3211,,,https://www.youtube.com/embed/ghMujvci5Ds,2,0,,0001-01-01T00:00:00
178,2118,Shweta Singh,3210,,,https://www.youtube.com/embed/hZuwe72Rtcc,2,0,,0001-01-01T00:00:00
179,2117,Ashish Thapliyal,3209,,,https://www.youtube.com/embed/c6OSTcaMU6c,2,0,,0001-01-01T00:00:00
180,2116,faiz,3207,Kwekwe.jpg,,feedsmedia/3042/a036275d-0c37-4855-a55f-bd0a710cf4ea.jpg,1,0,,0001-01-01T00:00:00
181,2116,faiz,3208,Marondera.jpg,,feedsmedia/3042/ab337768-a836-416e-bc87-78689be6c64b.jpg,1,0,,0001-01-01T00:00:00
182,2115,Ankiish Thapliyal,3204,Aden.jpg,,feedsmedia/3047/d63f6bfb-e7f8-4519-898d-e311e091498b.jpg,1,0,,0001-01-01T00:00:00
183,2115,Ankiish Thapliyal,3205,Ash_Shihr.jpg,,feedsmedia/3047/98c48988-97a1-408e-9bde-7257c99252ab.jpg,1,0,,0001-01-01T00:00:00
184,2115,Ankiish Thapliyal,3206,Seiyun.jpg,,feedsmedia/3047/887cc8d7-9b52-4c3e-81f8-e7d4505e0db6.jpg,1,0,,0001-01-01T00:00:00
185,2114,Ankiish Thapliyal,3192,Butare.jpg,,feedsmedia/3047/ba8d9d9b-173a-4804-8fa7-c2b545e23c61.jpg,1,0,,0001-01-01T00:00:00
186,2114,Ankiish Thapliyal,3193,Byumba.jpg,,feedsmedia/3047/10eb2de5-0020-4da6-b902-8bf0d019cc15.jpg,1,0,,0001-01-01T00:00:00
187,2114,Ankiish Thapliyal,3194,Cyangugu.jpg,,feedsmedia/3047/e1cfc2eb-ff1e-48f8-8039-153a5231c545.jpg,1,0,,0001-01-01T00:00:00
188,2114,Ankiish Thapliyal,3195,Gisenyi.jpg,,feedsmedia/3047/12c0192b-7d1d-40d4-b209-3853ecc190c7.jpg,1,0,,0001-01-01T00:00:00
189,2114,Ankiish Thapliyal,3196,Kabuga.jpg,,feedsmedia/3047/e534b896-c25b-491e-8644-490e0c150423.jpg,1,0,,0001-01-01T00:00:00
190,2114,Ankiish Thapliyal,3197,Kibuye.jpg,,feedsmedia/3047/70caa341-47b6-423c-89ac-56f54a245772.jpg,1,0,,0001-01-01T00:00:00
191,2114,Ankiish Thapliyal,3198,Kigali.jpg,,feedsmedia/3047/70fd2b0c-6b25-47d1-907a-aa02c8d261a0.jpg,1,0,,0001-01-01T00:00:00
192,2114,Ankiish Thapliyal,3199,Muhanga.jpg,,feedsmedia/3047/e299b8d2-30cd-4221-8afa-c4cc6391025d.jpg,1,0,,0001-01-01T00:00:00
193,2114,Ankiish Thapliyal,3200,Nyanza.jpg,,feedsmedia/3047/32ae591d-b632-4538-8f00-80989d3505e9.jpg,1,0,,0001-01-01T00:00:00
194,2114,Ankiish Thapliyal,3201,Ruhango.jpg,,feedsmedia/3047/b81eeea4-af94-4b7d-814a-274c558fb999.jpg,1,0,,0001-01-01T00:00:00
195,2114,Ankiish Thapliyal,3202,Ruhengeri.jpg,,feedsmedia/3047/31f14d97-0406-4b87-95ea-268425331842.jpg,1,0,,0001-01-01T00:00:00
196,2114,Ankiish Thapliyal,3203,Rwamagana.jpg,,feedsmedia/3047/aa2f22aa-36da-41c9-be31-a0b65c7f11ec.jpg,1,0,,0001-01-01T00:00:00
197,2113,Aryan Thapliyal,3184,Mandiana.jpg,,feedsmedia/3046/75919a6f-b186-4449-a544-a2a3b842983f.jpg,1,0,,0001-01-01T00:00:00
198,2113,Aryan Thapliyal,3185,Boke.jpg,,feedsmedia/3046/9cd34a06-a3a6-4012-ae1f-4ce0a168a604.jpg,1,0,,0001-01-01T00:00:00
199,2113,Aryan Thapliyal,3186,Conakry.jpg,,feedsmedia/3046/690efb4e-c251-4f76-a82e-cb9a195044af.jpg,1,0,,0001-01-01T00:00:00
200,2113,Aryan Thapliyal,3187,Dabola.jpg,,feedsmedia/3046/104e7c91-daf2-41af-98f4-365eb2b98687.jpg,1,0,,0001-01-01T00:00:00
201,2113,Aryan Thapliyal,3188,Fria.jpg,,feedsmedia/3046/899de04a-24e7-462f-a094-e1fac95089e0.jpg,1,0,,0001-01-01T00:00:00
202,2113,Aryan Thapliyal,3189,Kissidougou.jpg,,feedsmedia/3046/37a81d21-fb2d-4ab3-bae8-1dad224cda37.jpg,1,0,,0001-01-01T00:00:00
203,2113,Aryan Thapliyal,3190,Labé.jpg,,feedsmedia/3046/e1962738-f012-44c6-833a-d08fb88d2bac.jpg,1,0,,0001-01-01T00:00:00
204,2113,Aryan Thapliyal,3191,Nzerekore.jpg,,feedsmedia/3046/28e01398-af2f-4691-bfad-f3dc2f25b58d.jpg,1,0,,0001-01-01T00:00:00
205,2112,Shweta Singh,3183,,,https://www.youtube.com/embed/h7huHkvPoEE,2,0,,0001-01-01T00:00:00
206,2111,Shweta Singh,3182,Yerevan.jpg,,feedsmedia/3040/8631984a-0efc-439e-bf00-b7730bdd2313.jpg,1,0,,0001-01-01T00:00:00
207,2110,Aryan Thapliyal,3181,Abovyan.jpg,,feedsmedia/3046/ab63f603-c690-4fe0-851c-7a6c0bb16b7a.jpg,1,0,,0001-01-01T00:00:00
208,2109,Ankiish Thapliyal,3177,BMW.jpg,,feedsmedia/3047/4936912c-18b5-4ad7-92db-0966313b96f9.jpg,1,0,,0001-01-01T00:00:00
209,2109,Ankiish Thapliyal,3178,Mercedes.jpg,,feedsmedia/3047/fb3dee19-3f65-48eb-b6d3-a3ffd780d454.jpg,1,0,,0001-01-01T00:00:00
210,2109,Ankiish Thapliyal,3179,Starbucks.png,,feedsmedia/3047/205c0e80-f34e-4edd-a41c-425395b28c6f.png,1,0,,0001-01-01T00:00:00
211,2109,Ankiish Thapliyal,3180,Volkswagen.png,,feedsmedia/3047/49ec99f6-ee4c-467f-8af3-b6fc4f1fa37d.png,1,0,,0001-01-01T00:00:00
212,2108,sanjay,3176,images 3.jpg,,feedsmedia/3033/28cdad70-0407-4f32-88b2-d678f919515e.jpg,1,0,,0001-01-01T00:00:00
213,2107,Ashish Thapliyal,3175,,,https://www.youtube.com/embed/LaFtAcIrGWA,2,0,,0001-01-01T00:00:00
214,2106,n1,3174,images.jpg,,feedsmedia/3035/05b6683c-b31c-473e-8b8f-c42fc1730bd2.jpg,1,0,,0001-01-01T00:00:00
215,2105,neha,3173,images.png,,feedsmedia/3034/2112b430-e4f6-40fc-9b91-412f27de0fef.png,1,0,,0001-01-01T00:00:00
216,2104,n1,3172,,,,2,0,,0001-01-01T00:00:00
217,2103,n1,3171,,,,2,0,,0001-01-01T00:00:00
218,2102,faiz,3170,Event 34.jpg,,feedsmedia/3042/79cc68c2-9f30-4472-9e07-09bf8eced7a0.jpg,1,0,,0001-01-01T00:00:00
219,2101,n1,3169,,,https://www.youtube.com/embed/3YhQV3aQmb4,2,0,,0001-01-01T00:00:00
220,2100,faiz,3168,,,"<iframe width=""560"" height=""315"" src=""https://www.youtube.com/embed/AGBjI0x9VbM"" frameborder=""0"" allow=""accelerometer; autoplay; encrypted-media; gyroscope; picture-in-picture"" allowfullscreen></iframe>",2,0,,0001-01-01T00:00:00
221,2099,Shweta Singh,3166,Event 48.jpg,,feedsmedia/3040/220781c3-f058-4aaa-837c-bd401a779ed1.jpg,1,0,,0001-01-01T00:00:00
222,2099,Shweta Singh,3167,Event 58.jpg,,feedsmedia/3040/9718f153-5008-4d7e-9875-baf9a695a111.jpg,1,0,,0001-01-01T00:00:00
223,2098,n1,3165,Nainital-Snow-2013-m-2.jpg,,feedsmedia/3035/1a0762ab-45ea-4590-8a3f-873d706efe12.jpg,1,0,,0001-01-01T00:00:00
224,1099,n1,2166,images.jfif,,feedsmedia/3035/585698b4-6c89-4a51-b438-53e27ed84c83.jfif,1,0,,0001-01-01T00:00:00
225,1099,n1,2167,images2.png,,feedsmedia/3035/d7071a17-f81a-48a0-83b6-99ca0f9cbb05.png,1,0,,0001-01-01T00:00:00
226,1098,singh,2165,191205173514-02-white-house-tree-lighting-screengrab-super-tease.jpg,,feedsmedia/3030/239805ad-e267-4bc5-8852-51cd3b1d328e.jpg,1,0,,0001-01-01T00:00:00
227,1097,Aryan Thapliyal,2164,Event 31.jpg,,feedsmedia/3046/ffbcb4ed-921f-44ea-ad5a-c22ab38fa53a.jpg,1,0,,0001-01-01T00:00:00
228,1096,Sophia,2163,indraprastha-resort-dalhousie.jpg,,feedsmedia/3049/37d175c6-69bb-47c8-9265-e9823425ed65.jpg,1,0,,0001-01-01T00:00:00
229,1095,Akku Testing,2162,,,https://www.youtube.com/embed/3nK13MpQMa0,2,0,,0001-01-01T00:00:00
230,1094,n1,2161,,,https://www.youtube.com/embed/WpXSjDeG9xo,2,0,,0001-01-01T00:00:00
231,1093,Akku Testing,2160,68739601_716769122116043_3583430539496914944_o.jpg,,feedsmedia/3029/496fbb35-8a27-4bd1-ab0b-c63ec886e168.jpg,1,0,,0001-01-01T00:00:00
232,1092,Ashish Thapliyal,2159,Event 60.jpg,,feedsmedia/3031/daec1589-8084-4cb7-afbd-799b18a35d20.jpg,1,0,,0001-01-01T00:00:00
233,1091,Sophia,2158,Nainital-Snow-2013-r-2.jpg,,feedsmedia/3049/b6503122-a686-4930-8e56-02cd7abba4b4.jpg,1,0,,0001-01-01T00:00:00
234,1090,Ritu singh,2157,beach of amsterdam.PNG,,feedsmedia/3043/c5522956-4ab5-408e-b540-16a8c90af9b0.PNG,1,0,,0001-01-01T00:00:00
235,1089,shivam,2156,795f04bd-2971-4f3d-a8b7-ba30a73d91ec.jfif,,feedsmedia/3045/a0f4d378-1a46-4831-aab5-5e1bb820d58c.jfif,1,0,,0001-01-01T00:00:00
236,1088,Navya Upadhyay,2155,chile.JPG,,feedsmedia/3044/5cd75fb1-1f3b-4fc2-84ed-0a05eae6de98.JPG,1,0,,0001-01-01T00:00:00
237,1087,faiz,2154,IMG_0586.JPG,,feedsmedia/3042/5674cae9-2631-495c-9a05-0e79cebd5828.JPG,1,0,,0001-01-01T00:00:00
238,1086,Martin Wilson,2153,eiffel.PNG,,feedsmedia/3041/d10de044-eab6-4e37-a364-996e26889a55.PNG,1,0,,0001-01-01T00:00:00
239,1085,Shweta Singh,2152,Amelia.JPG,,feedsmedia/3040/d0e37cc4-b450-493c-b89c-703e5acdca70.JPG,1,0,,0001-01-01T00:00:00
240,1084,jagjit,2151,lake-tahoe-1591339_1280.jpg,,feedsmedia/3039/25d80f7b-7843-41b7-b480-a72c59d5039d.jpg,1,0,,0001-01-01T00:00:00
241,1083,Test 2,2150,images2.png,,feedsmedia/1003/0c21e908-f184-4e73-b681-ad94f2bc3128.png,1,0,,0001-01-01T00:00:00
242,1082,Sophia,2148,images.png,,feedsmedia/3036/aad99178-9e05-4be8-89d9-1f8650e779c8.png,1,0,,0001-01-01T00:00:00
243,1082,Sophia,2149,images.jfif,,feedsmedia/3036/f5c7fca2-65fd-4733-b709-bb214433fa60.jfif,1,0,,0001-01-01T00:00:00
244,1081,n1,2147,191205173514-02-white-house-tree-lighting-screengrab-super-tease.jpg,,feedsmedia/3035/3c7b9fdd-555a-4029-8c3f-07366ee9f0e3.jpg,1,0,,0001-01-01T00:00:00
245,1080,n1,2146,Christmas-2019-Messages.jpg,,feedsmedia/3035/6bf5787f-aca2-4ec7-936e-1ec4c46ab858.jpg,1,0,,0001-01-01T00:00:00
246,1079,Sophia,2145,images.png,,feedsmedia/3036/37feb60e-5e71-4d03-b03c-b8d6a87bbbf4.png,1,0,,0001-01-01T00:00:00
247,1078,Sophia,2144,191205173514-02-white-house-tree-lighting-screengrab-super-tease.jpg,,feedsmedia/3036/437f5efb-2c1a-441c-8bc0-3944c5a5d701.jpg,1,0,,0001-01-01T00:00:00
248,1077,Sophia,2143,Last_Christmas_poster.jpeg,,feedsmedia/3036/9ab45a7a-fbe5-49f4-8d96-ca381721f039.jpeg,1,0,,0001-01-01T00:00:00
249,1076,Sophia,2142,Christmas-2019-Messages.jpg,,feedsmedia/3036/835cf0b6-2019-4aba-8c9e-381109a935ec.jpg,1,0,,0001-01-01T00:00:00
250,1075,Akku Testing,2141,1577186637230.JPEG,,feedsmedia/3029/510980c4-8499-4426-9540-445f0db90d1e.JPEG,1,0,,0001-01-01T00:00:00
251,1074,Ashish Thapliyal,2140,,,https://youtu.be/0dnUWYQeLXE,2,0,,0001-01-01T00:00:00
252,1073,Ashish Thapliyal,2138,Event 27.jpg,,feedsmedia/3031/bb4b9bbc-428d-4085-bb9a-c58e53f09fc5.jpg,1,0,,0001-01-01T00:00:00
253,1073,Ashish Thapliyal,2139,Event 49.jpg,,feedsmedia/3031/88a0d2b8-9e17-425b-8f6a-bdd260443d76.jpg,1,0,,0001-01-01T00:00:00
254,1072,Aakankshi 1,2137,Christmas.jpg,,feedsmedia/2013/2d11ae4a-02c7-415a-bce7-f370ae470e30.jpg,1,0,,0001-01-01T00:00:00
255,1071,Aakankshi 1,2136,,,https://www.youtube.com/embed/yLX-yTH7EOE,2,0,,0001-01-01T00:00:00
256,1070,Aakankshi 1,2134,image_2019_09_03T10_48_27_980Z.png,,feedsmedia/2013/ee93075f-0b48-41e1-b103-0c1ca3289d82.png,1,0,,0001-01-01T00:00:00
257,1070,Aakankshi 1,2135,job_adds_list.PNG,,feedsmedia/2013/4dfec6bf-d0ce-4068-884b-a27a5daeba32.PNG,1,0,,0001-01-01T00:00:00
258,1069,Test 3,2131,photo1577096418018.jpg,,feedsmedia/1005/0335732e-3270-4112-bd8e-0e29ccd5982f.jpg,1,0,,0001-01-01T00:00:00
259,1069,Test 3,2132,SAVED-20191129_1629_09705.jpg,,feedsmedia/1005/65c326d6-bb96-4b1e-9ea2-7b988c96b659.jpg,1,0,,0001-01-01T00:00:00
260,1069,Test 3,2133,SAVED-20191129_1629_09705.jpg,,feedsmedia/1005/775ff386-64c5-4560-9b8f-ea5f3b2e5311.jpg,1,0,,0001-01-01T00:00:00
261,1068,Test 2,2130,,,,2,0,,0001-01-01T00:00:00
262,1067,Aakankshi 1,2129,,,https://www.youtube.com/embed/j3gErdNyUAQ,2,0,,0001-01-01T00:00:00
263,1066,Aakankshi 1,2127,image_2019_09_03T10_48_27_980Z.png,,feedsmedia/2013/237c9839-56d9-466b-ba41-3e4d285233e1.png,1,0,,0001-01-01T00:00:00
264,1066,Aakankshi 1,2128,job_adds_list.PNG,,feedsmedia/2013/4a02de29-8751-42a0-ac9c-facdbbaac83e.PNG,1,0,,0001-01-01T00:00:00
265,1065,Test 3,2124,tv.JPG,,feedsmedia/1005/5d611fc1-b92b-430e-8065-e7413241063b.JPG,1,0,,0001-01-01T00:00:00
266,1065,Test 3,2125,tv1.JPG,,feedsmedia/1005/d8f1863c-2f1a-4a77-8cce-62c06bf4f680.JPG,1,0,,0001-01-01T00:00:00
267,1065,Test 3,2126,tv2.JPG,,feedsmedia/1005/617dcc01-cd25-4b32-b3eb-24a199ea93e6.JPG,1,0,,0001-01-01T00:00:00
268,1064,Pankaj Patel,2123,California-best.jpeg,,feedsmedia/3/663fe2c8-e739-45c9-a94a-d630d39215eb.jpeg,1,0,,0001-01-01T00:00:00
269,1063,Pankaj Patel,2122,California-best.jpeg,,feedsmedia/3/10e473ef-b13b-4408-8a30-78db7f7acf5e.jpeg,1,0,,0001-01-01T00:00:00
270,1062,Pankaj Patel,2121,simon-migaj-421505-unsplash.jpg,,feedsmedia/3/d4883f05-e84c-4b3d-8d21-0f671536677a.jpg,1,0,,0001-01-01T00:00:00
271,1061,Pankaj Patel,2120,simon-migaj-421505-unsplash.jpg,,feedsmedia/3/96d7afa2-dced-41cb-ab72-6b7691173c8c.jpg,1,0,,0001-01-01T00:00:00
272,1060,Pankaj Patel,2119,California-best.jpeg,,feedsmedia/3/74bfa80c-5779-44cd-a3c3-47dfccb8f303.jpeg,1,0,,0001-01-01T00:00:00
273,1059,Pankaj Patel,2118,,,,2,0,,0001-01-01T00:00:00
274,1058,Pankaj Patel,2117,,,,2,0,,0001-01-01T00:00:00
275,1057,Aakankshi 1,2116,,,https://www.youtube.com/embed/mHkh2di8hAc,2,0,,0001-01-01T00:00:00
276,1056,Aakankshi 1,2115,bg6.jpg,,feedsmedia/2013/da78edc2-5778-4fb5-999e-a8e526b5b445.jpg,1,0,,0001-01-01T00:00:00
277,1055,Aakankshi Gupta,2114,pro9.jpg,,feedsmedia/3028/0f9c3c06-618d-49d4-bfbd-b825b57ef43b.jpg,1,0,,0001-01-01T00:00:00
278,1054,Aakankshi 2,2113,logo500.jpg,,feedsmedia/2014/b8626332-f269-4c4e-9e41-b8989211d9d8.jpg,1,0,,0001-01-01T00:00:00
279,59,Aakankshi 2,1122,,,https://www.youtube.com/embed/PJNNQhuFg6A,2,0,,0001-01-01T00:00:00
280,58,Aakankshi 2,1121,,,https://www.youtube.com/embed/BP9VjGyNobQ,2,0,,0001-01-01T00:00:00
281,57,Aakankshi 2,1120,hotelimage.png,,feedsmedia/2014/a10540fc-7ace-42fa-9e1d-52d95b08fb27.png,1,0,,0001-01-01T00:00:00
282,56,Aakankshi 2,1119,images.jpg,,feedsmedia/2014/ac147331-ac5b-4b43-acdb-9ed6ef3b69b9.jpg,1,0,,0001-01-01T00:00:00
283,55,Aakankshi 2,1118,shop8.jpg,,feedsmedia/2014/5d69c1c1-2485-4511-b60b-050e58b0611b.jpg,1,0,,0001-01-01T00:00:00
284,54,Aakankshi 2,1113,shop6.jpg,,feedsmedia/2014/e0724211-f13b-4c03-a981-b69ea8d664f0.jpg,1,0,,0001-01-01T00:00:00
285,54,Aakankshi 2,1114,shop9.jpg,,feedsmedia/2014/75542c98-cec5-4fd6-b095-b0fc09db7e34.jpg,1,0,,0001-01-01T00:00:00
286,54,Aakankshi 2,1115,shop11.jpg,,feedsmedia/2014/d365afc6-c51a-4f9f-9c98-f924f08f4de8.jpg,1,0,,0001-01-01T00:00:00
287,54,Aakankshi 2,1116,shop12 (1).jpg,,feedsmedia/2014/fcc8a291-06ff-4bcf-9386-5986ebfe100b.jpg,1,0,,0001-01-01T00:00:00
288,54,Aakankshi 2,1117,shop16.jpg,,feedsmedia/2014/118d13aa-d2a6-414d-a212-7c496372f87f.jpg,1,0,,0001-01-01T00:00:00
289,53,Aakankshi 1,1110,handset-offer-banner-new_31F555919982EFE18360075F1D2EC443.png,,feedsmedia/2013/a1af90f4-cefb-4545-a95c-84282b872d52.png,1,0,,0001-01-01T00:00:00
290,53,Aakankshi 1,1111,images.jpg,,feedsmedia/2013/07c0de05-d640-4fc7-9016-3fbcd7579bce.jpg,1,0,,0001-01-01T00:00:00
291,53,Aakankshi 1,1112,pro3.jpg,,feedsmedia/2013/8491e2d8-e820-4d8a-92e9-4b4be5ca4a28.jpg,1,0,,0001-01-01T00:00:00
292,52,Aakankshi 1,1109,pro3.jpg,,feedsmedia/2013/e606a4eb-4bc1-4db2-8357-a46dacda7c65.jpg,1,0,,0001-01-01T00:00:00
293,51,Aakankshi 1,1108,,,https://www.youtube.com/embed/0sxLpGnhHQ0,2,0,,0001-01-01T00:00:00
294,50,Aakankshi 1,1107,pro11.jpg,,feedsmedia/2013/d7ab4103-49a9-4220-918b-cef6e032eae6.jpg,1,0,,0001-01-01T00:00:00
295,49,Aakankshi 1,1106,handset-offer-banner-new_31F555919982EFE18360075F1D2EC443.png,,feedsmedia/2013/124e10a8-f020-4f2b-81a4-66b726ea0893.png,1,0,,0001-01-01T00:00:00
